{"cameraMode":{"drawMode":0,"name":"Shaded","section":"Shading Mode"},"sceneLighting":true,"audioPlay":false,"sceneViewState":{"showFog":true,"showMaterialUpdate":false,"showSkybox":true,"showFlares":true,"showImageEffects":true,"showParticleSystems":true},"in2DMode":false,"pivot":{"x":-0.06015715375542641,"y":0.4738497734069824,"z":-0.4383830726146698},"rotation":{"x":-0.1801421046257019,"y":0.6958110332489014,"z":-0.18719559907913209,"w":-0.6695928573608398},"size":2.67974591255188,"orthographic":false}